{"cameraMode":{"drawMode":0,"name":"Shaded","section":"Shading Mode"},"sceneLighting":true,"audioPlay":false,"sceneViewState":{"m_AlwaysRefresh":false,"showFog":true,"showSkybox":true,"showFlares":true,"showImageEffects":true,"showParticleSystems":true,"showVisualEffectGraphs":true,"m_FxEnabled":true},"in2DMode":false,"pivot":{"x":195.83265686035157,"y":9.720206260681153,"z":135.12094116210938},"rotation":{"x":0.0014789208071306348,"y":0.909302294254303,"z":0.008879896253347397,"w":-0.41644176840782168},"size":9.12024974822998,"orthographic":false}