{"cameraMode":{"drawMode":0,"name":"Shaded","section":"Shading Mode"},"sceneLighting":true,"audioPlay":false,"sceneViewState":{"m_AlwaysRefresh":false,"showFog":true,"showSkybox":true,"showFlares":true,"showImageEffects":true,"showParticleSystems":true,"showVisualEffectGraphs":true,"m_FxEnabled":true},"in2DMode":false,"pivot":{"x":199.84735107421876,"y":5.187585353851318,"z":108.9125747680664},"rotation":{"x":-0.19721674919128419,"y":0.11325611919164658,"z":-0.022446436807513238,"w":-0.9735714197158814},"size":1.5246368646621705,"orthographic":false}